Workbook

Sheet 说明
B2: P2 患者高频问题选题库 · 教学演示
B3: 全部内容与数据均为课程虚构素材，不对应真实患者、真实医生或真实机构；不构成诊疗建议，不用于发布。
B5: 一、输入与产出
B6: 输入文件 | C6: 实操素材/模拟患者问题.csv（36 条虚构门诊问题，含编号/问题/模拟频次/场景）；实操素材/模拟医生定位.txt
B7: 证据来源 | C7: 实操素材/教学事实卡.csv（F01–F10，核对状态＝教学来源核对，医生签署＝未签署）；实操素材/来源索引.md
B8: 产出文件 | C8: 本工作簿：选题总库（30 题）／待医生复核（6 题）／分类汇总／来源全量表（36 条原话全留）
B10: 二、处理规则
B11: 保留原话 | C11: '患者原话'列逐字引用原始问法，不改写、不概括；36 条原话在'来源全量表'完整保留，一条未删。
B12: 同义合并 | C12: 只合真正同问的 6 组：Q01+Q15、Q02+Q03、Q04+Q35、Q06+Q21、Q08+Q09、Q17+Q18；36 条 → 30 题。
B13: 来源编号 | C13: 每条选题保留全部来源编号（D 列），可从选题反查原话，也可从原话反查选题（来源全量表）。
B14: 聚合频次 | C14: 聚合频次 = 组内各来源编号的模拟频次之和（G 列给出构成，如 15+14=29），可逐项复核。
B15: 分类 | C15: 按四类归口：家庭测量 16 题、记录随访 5 题、特殊情况 7 题、就医沟通 2 题。
B17: 三、评分口径（0–5 分，可复算）
B18: 需求 0–2 | C18: 公式自动计算：聚合频次 ≥20 → 2；10–19 → 1；<10 → 0（单元格内为 IF 公式，改频次即自动重算）。
B19: 专业匹配 0–1 | C19: 1 = 落在医生定位内的'家庭监测解释／随访沟通'；0 = 需个体化判断或超出科普边界（如症状归因、特殊人群方案）。
B20: 证据充分 0–1 | C20: 1 = 有事实卡正面覆盖；0.5 = 仅部分覆盖；0 = 未核验。未核验一律写'待核验'，不写'有指南／有共识'。
B21: 重要性 0–1 | C21: 1 = 答错会导致读数系统性偏差、记录误导判读或延误就医；0 = 影响有限。
B22: 风险扣分 0–1 | C22: 1 = 涉及用药调整、特殊人群、症状归因，必须医生复核；0.5 = 易被误读为个体建议或引流品牌；0 = 一般操作解释。
B23: 合计 | C23: 完全由公式给出：=MAX(0,MIN(5,SUM(需求:重要性)-风险扣分))，下限 0、上限 5，不手填。
B25: 四、状态与发布闸门
B26: 建议状态（公式） | C26: 风险扣分=1 → 待医生复核；证据<1 且 合计≥2 → 待核验；证据<1 → 暂缓；合计≥3 → 候选（可制作）；否则暂缓。
B27: 状态（下拉） | C27: 编辑人工判定，取值：待医生复核／待核验／候选（可制作）／暂缓；与'建议状态'不一致时'一致性校验'列报警。
B28: 发布闸门（公式） | C28: 三态判定：证据=1 且 风险=0 且 状态=候选 → '待医生签署后可制作'；状态候选但风险>0（如T05选购的品牌化风险）→ '禁止发布（风险待改写）'；其余 → '禁止发布'。本表不含任何已发布项。
B29: 证据纪律 | C29: 事实卡均为'教学来源核对、医生未签署'。因此本表不输出'指南推荐''共识建议'类表述，待核验项在正文中必须标注待核验。
B31: 五、自检
B32: 选题数 | C32: 30 题（原始 36 条，合并 6 组；满足'至少 30 题'且原数据足以支撑）。
B33: 频次守恒 | C33: 选题总库聚合频次合计 = 来源全量表模拟频次合计（本金库为 353，见下方校验单元格，显示'一致'即通过）。
B34: 状态一致 | C34: 30 行'一致性校验'应全部为'一致'；待医生复核表 6 行的合计分由 VLOOKUP 关联主表，改主表即同步。
B35: 不改来源 | C35: 来源全量表只读展示，含 36 条原话与合并去向；未删除、未改写任何原始问法。
B37: 校验：选题总库频次合计 | C37: =SUM(选题总库!F4:F33) -> 353
B38: 校验：来源全量表频次合计 | C38: =SUM(来源全量表!C3:C38) -> 353
B39: 校验：两者是否一致 | C39: =IF(C37=C38,"一致（"&C37&"）","不一致，请检查") -> 一致（353）
B40: 校验：待复核表行数 | C40: =COUNTA(待医生复核!A4:A9)&" 行（主表风险扣分=1 的题数："&COUNTIF(选题总库!M4:M33,1)&"）" -> 6 行（主表风险扣分=1 的题数：6）

Sheet 选题总库
A1: P2 患者高频问题选题库（30 题）｜教学虚构数据，不构成诊疗建议，不用于发布
A2: 口径：需求由聚合频次公式推导；合计=MAX(0,MIN(5,SUM(需求:重要性)-风险扣分))；证据未核验一律'待核验'，不写'有指南'；风险扣分=1 的题目已进入『待医生复核』表，禁止发布。
A3: 选题ID | B3: 分类 | C3: 选题主题（合并后） | D3: 来源编号 | E3: 患者原话（保留） | F3: 聚合频次 | G3: 频次构成 | H3: 需求 0–2 | I3: 专业匹配 0–1 | J3: 证据充分 0–1 | K3: 证据状态／依据 | L3: 重要性 0–1 | M3: 风险扣分 0–1 | N3: 合计 0–5 | O3: 建议状态 | P3: 状态 （下拉） | Q3: 一致性校验 | R3: 发布闸门 | S3: 内容角度 | T3: 备注／风险说明
A4: T01 | B4: 家庭测量 | C4: 静坐多久才能量；测量时能不能说话 | D4: Q01,Q15 | E4: Q01「家里量血压要坐多久」；Q15「测量能聊天吗」 | F4: 10 | G4: 8+2 | H4: =IF($F4>=20,2,IF($F4>=10,1,0)) -> 1 | I4: 1 | J4: 1 | K4: 事实卡 F05（静坐≥5分钟）、F08（不说话/不看手机）；教学来源已核对，医生未签署 | L4: 1 | M4: 0 | N4: =MAX(0,MIN(5,SUM(H4:L4)-M4)) -> 4 | O4: =IF(M4=1,"待医生复核",IF(AND(J4<1,N4>=2),"待核验",IF(J4<1,"暂缓",IF(N4>=3,"候选（可制作）","暂缓")))) -> 候选（可制作） | P4: 候选（可制作） | Q4: =IF(P4=O4,"一致","需复核") -> 一致 | R4: =IF(AND(J4=1,M4=0,P4="候选（可制作）"),"待医生签署后可制作",IF(AND(P4="候选（可制作）",M4>0),"禁止发布（风险待改写）","禁止发布")) -> 待医生签署后可制作 | S4: 先坐5分钟、全程不出声：把'等'和'闭嘴'做成可视化倒计时卡片
A5: T02 | B5: 家庭测量 | C5: 刚运动完／喝过咖啡，多久才能测 | D5: Q02,Q03 | E5: Q02「刚运动完能不能量」；Q03「喝咖啡后多久量」 | F5: 20 | G5: 18+2 | H5: =IF($F5>=20,2,IF($F5>=10,1,0)) -> 2 | I5: 1 | J5: 1 | K5: 事实卡 F04（测量前30分钟避免吸烟、含咖啡因饮料和运动）；未签署 | L5: 1 | M5: 0 | N5: =MAX(0,MIN(5,SUM(H5:L5)-M5)) -> 5 | O5: =IF(M5=1,"待医生复核",IF(AND(J5<1,N5>=2),"待核验",IF(J5<1,"暂缓",IF(N5>=3,"候选（可制作）","暂缓")))) -> 候选（可制作） | P5: 候选（可制作） | Q5: =IF(P5=O5,"一致","需复核") -> 一致 | R5: =IF(AND(J5=1,M5=0,P5="候选（可制作）"),"待医生签署后可制作",IF(AND(P5="候选（可制作）",M5>0),"禁止发布（风险待改写）","禁止发布")) -> 待医生签署后可制作 | S5: 测量前30分钟'三不做'：不吸烟、不喝咖啡浓茶、不运动
A6: T03 | B6: 家庭测量 | C6: 袖带要不要隔着衣服／要不要脱外套 | D6: Q04,Q35 | E6: Q04「袖带隔着衣服行吗」；Q35「量血压前要脱外套吗」 | F6: 20 | G6: 6+14 | H6: =IF($F6>=20,2,IF($F6>=10,1,0)) -> 2 | I6: 1 | J6: 1 | K6: 事实卡 F06（袖带直接接触上臂皮肤，不隔衣）；未签署 | L6: 1 | M6: 0 | N6: =MAX(0,MIN(5,SUM(H6:L6)-M6)) -> 5 | O6: =IF(M6=1,"待医生复核",IF(AND(J6<1,N6>=2),"待核验",IF(J6<1,"暂缓",IF(N6>=3,"候选（可制作）","暂缓")))) -> 候选（可制作） | P6: 候选（可制作） | Q6: =IF(P6=O6,"一致","需复核") -> 一致 | R6: =IF(AND(J6=1,M6=0,P6="候选（可制作）"),"待医生签署后可制作",IF(AND(P6="候选（可制作）",M6>0),"禁止发布（风险待改写）","禁止发布")) -> 待医生签署后可制作 | S6: 隔一层衣服就会偏高：'贴皮肤、对齐标记'两步示范
A7: T04 | B7: 家庭测量 | C7: 应该量左手还是右手 | D7: Q05 | E7: Q05「左右手应该选哪边」 | F7: 4 | G7: 4 | H7: =IF($F7>=20,2,IF($F7>=10,1,0)) -> 0 | I7: 1 | J7: 0 | K7: 待核验：事实卡未覆盖左右手差异，需查原始来源后填写依据 | L7: 1 | M7: 0 | N7: =MAX(0,MIN(5,SUM(H7:L7)-M7)) -> 2 | O7: =IF(M7=1,"待医生复核",IF(AND(J7<1,N7>=2),"待核验",IF(J7<1,"暂缓",IF(N7>=3,"候选（可制作）","暂缓")))) -> 待核验 | P7: 待核验 | Q7: =IF(P7=O7,"一致","需复核") -> 一致 | R7: =IF(AND(J7=1,M7=0,P7="候选（可制作）"),"待医生签署后可制作",IF(AND(P7="候选（可制作）",M7>0),"禁止发布（风险待改写）","禁止发布")) -> 禁止发布 | S7: 首次两侧都测、之后固定一侧：待证据核验后再定表述 | T7: 证据未核验前不得写'指南推荐某侧'
A8: T05 | B8: 家庭测量 | C8: 血压计怎么选；腕式和上臂式一样吗 | D8: Q06,Q21 | E8: Q06「血压计怎么买」；Q21「手腕式和上臂式一样吗」 | F8: 29 | G8: 15+14 | H8: =IF($F8>=20,2,IF($F8>=10,1,0)) -> 2 | I8: 1 | J8: 1 | K8: 事实卡 F03（选用经验证的上臂式自动血压计、袖带尺寸合适）；未签署 | L8: 1 | M8: 0.5 | N8: =MAX(0,MIN(5,SUM(H8:L8)-M8)) -> 4.5 | O8: =IF(M8=1,"待医生复核",IF(AND(J8<1,N8>=2),"待核验",IF(J8<1,"暂缓",IF(N8>=3,"候选（可制作）","暂缓")))) -> 候选（可制作） | P8: 候选（可制作） | Q8: =IF(P8=O8,"一致","需复核") -> 一致 | R8: =IF(AND(J8=1,M8=0,P8="候选（可制作）"),"待医生签署后可制作",IF(AND(P8="候选（可制作）",M8>0),"禁止发布（风险待改写）","禁止发布")) -> 禁止发布（风险待改写） | S8: 只讲'经验证+上臂式+袖带合适'三条硬指标，用对照表讲清腕式差异 | T8: 风险点：极易滑向品牌/型号推荐。定位要求不推荐品牌，全稿不得出现品牌名、链接、比价
A9: T06 | B9: 家庭测量 | C9: 袖带太小怎么办（袖带尺寸） | D9: Q07 | E9: Q07「袖带太小怎么办」 | F9: 13 | G9: 13 | H9: =IF($F9>=20,2,IF($F9>=10,1,0)) -> 1 | I9: 1 | J9: 1 | K9: 事实卡 F03（袖带尺寸应合适）；未签署 | L9: 1 | M9: 0 | N9: =MAX(0,MIN(5,SUM(H9:L9)-M9)) -> 4 | O9: =IF(M9=1,"待医生复核",IF(AND(J9<1,N9>=2),"待核验",IF(J9<1,"暂缓",IF(N9>=3,"候选（可制作）","暂缓")))) -> 候选（可制作） | P9: 候选（可制作） | Q9: =IF(P9=O9,"一致","需复核") -> 一致 | R9: =IF(AND(J9=1,M9=0,P9="候选（可制作）"),"待医生签署后可制作",IF(AND(P9="候选（可制作）",M9>0),"禁止发布（风险待改写）","禁止发布")) -> 待医生签署后可制作 | S9: 袖带偏小=读数偏高：量上臂围、按机身刻度选号
A10: T07 | B10: 家庭测量 | C10: 第一次数字高要不要重测；两次间隔多久 | D10: Q08,Q09 | E10: Q08「第一次数字高要不要重测」；Q09「两次间隔多久」 | F10: 25 | G10: 14+11 | H10: =IF($F10>=20,2,IF($F10>=10,1,0)) -> 2 | I10: 1 | J10: 1 | K10: 事实卡 F09（每次取两次读数、间隔1分钟并记录）；未签署 | L10: 1 | M10: 0 | N10: =MAX(0,MIN(5,SUM(H10:L10)-M10)) -> 5 | O10: =IF(M10=1,"待医生复核",IF(AND(J10<1,N10>=2),"待核验",IF(J10<1,"暂缓",IF(N10>=3,"候选（可制作）","暂缓")))) -> 候选（可制作） | P10: 候选（可制作） | Q10: =IF(P10=O10,"一致","需复核") -> 一致 | R10: =IF(AND(J10=1,M10=0,P10="候选（可制作）"),"待医生签署后可制作",IF(AND(P10="候选（可制作）",M10>0),"禁止发布（风险待改写）","禁止发布")) -> 待医生签署后可制作 | S10: 一次高不算数：间隔1分钟再测一次，两次都记下来 | T10: 患者问法与事实卡'两次读数'需对齐：重测≠反复测到满意为止
A11: T08 | B11: 家庭测量 | C11: 一天量几次 | D11: Q10 | E11: Q10「一天量几次」 | F11: 16 | G11: 16 | H11: =IF($F11>=20,2,IF($F11>=10,1,0)) -> 1 | I11: 1 | J11: 0.5 | K11: 事实卡 F09 仅说明'具体频次由医疗人员确定'，无统一频次依据，其余待核验 | L11: 1 | M11: 0.5 | N11: =MAX(0,MIN(5,SUM(H11:L11)-M11)) -> 3 | O11: =IF(M11=1,"待医生复核",IF(AND(J11<1,N11>=2),"待核验",IF(J11<1,"暂缓",IF(N11>=3,"候选（可制作）","暂缓")))) -> 待核验 | P11: 待核验 | Q11: =IF(P11=O11,"一致","需复核") -> 一致 | R11: =IF(AND(J11=1,M11=0,P11="候选（可制作）"),"待医生签署后可制作",IF(AND(P11="候选（可制作）",M11>0),"禁止发布（风险待改写）","禁止发布")) -> 禁止发布 | S11: 早、晚各一个时段，每次2个读数；具体频次以随访医生安排为准 | T11: 风险点：频次属个体化安排，不能给出统一'处方式'答案；需在文案中明确'以医生安排为准'
A12: T09 | B12: 家庭测量 | C12: 老人手抖怎么测 | D12: Q14 | E12: Q14「老人手抖怎么测」 | F12: 6 | G12: 6 | H12: =IF($F12>=20,2,IF($F12>=10,1,0)) -> 0 | I12: 1 | J12: 0 | K12: 待核验：事实卡未覆盖手抖/帕金森等人群的测量方法 | L12: 1 | M12: 0 | N12: =MAX(0,MIN(5,SUM(H12:L12)-M12)) -> 2 | O12: =IF(M12=1,"待医生复核",IF(AND(J12<1,N12>=2),"待核验",IF(J12<1,"暂缓",IF(N12>=3,"候选（可制作）","暂缓")))) -> 待核验 | P12: 待核验 | Q12: =IF(P12=O12,"一致","需复核") -> 一致 | R12: =IF(AND(J12=1,M12=0,P12="候选（可制作）"),"待医生签署后可制作",IF(AND(P12="候选（可制作）",M12>0),"禁止发布（风险待改写）","禁止发布")) -> 禁止发布 | S12: 先解决'测不成'：靠稳支撑、家属协助、必要时与医生讨论设备 | T12: 证据未核验前不得写'可用腕式替代'
A13: T10 | B13: 家庭测量 | C13: 手臂应该抬多高 | D13: Q16 | E13: Q16「手臂应该抬多高」 | F13: 16 | G13: 16 | H13: =IF($F13>=20,2,IF($F13>=10,1,0)) -> 1 | I13: 1 | J13: 1 | K13: 事实卡 F07（手臂有支撑、袖带中部与心脏同高）；未签署 | L13: 1 | M13: 0 | N13: =MAX(0,MIN(5,SUM(H13:L13)-M13)) -> 4 | O13: =IF(M13=1,"待医生复核",IF(AND(J13<1,N13>=2),"待核验",IF(J13<1,"暂缓",IF(N13>=3,"候选（可制作）","暂缓")))) -> 候选（可制作） | P13: 候选（可制作） | Q13: =IF(P13=O13,"一致","需复核") -> 一致 | R13: =IF(AND(J13=1,M13=0,P13="候选（可制作）"),"待医生签署后可制作",IF(AND(P13="候选（可制作）",M13>0),"禁止发布（风险待改写）","禁止发布")) -> 待医生签署后可制作 | S13: 心脏同高：桌面垫高、手臂放松、别悬空
A14: T11 | B14: 家庭测量 | C14: 腿可以翘着吗；没有靠背行不行 | D14: Q17,Q18 | E14: Q17「腿可以翘着吗」；Q18「没有靠背行不行」 | F14: 10 | G14: 8+2 | H14: =IF($F14>=20,2,IF($F14>=10,1,0)) -> 1 | I14: 1 | J14: 0.5 | K14: 事实卡 F07 仅覆盖手臂支撑，跷腿/靠背未覆盖，部分待核验 | L14: 1 | M14: 0 | N14: =MAX(0,MIN(5,SUM(H14:L14)-M14)) -> 3.5 | O14: =IF(M14=1,"待医生复核",IF(AND(J14<1,N14>=2),"待核验",IF(J14<1,"暂缓",IF(N14>=3,"候选（可制作）","暂缓")))) -> 待核验 | P14: 待核验 | Q14: =IF(P14=O14,"一致","需复核") -> 一致 | R14: =IF(AND(J14=1,M14=0,P14="候选（可制作）"),"待医生签署后可制作",IF(AND(P14="候选（可制作）",M14>0),"禁止发布（风险待改写）","禁止发布")) -> 禁止发布 | S14: 脚平放、背靠椅：把'标准坐姿'画成一张图 | T14: 证据只有部分覆盖（F07），跷腿与靠背需补证
A15: T12 | B15: 家庭测量 | C15: 憋尿会影响吗 | D15: Q19 | E15: Q19「憋尿会影响吗」 | F15: 6 | G15: 6 | H15: =IF($F15>=20,2,IF($F15>=10,1,0)) -> 0 | I15: 1 | J15: 1 | K15: 事实卡 F05（测量前排空膀胱）；未签署 | L15: 1 | M15: 0 | N15: =MAX(0,MIN(5,SUM(H15:L15)-M15)) -> 3 | O15: =IF(M15=1,"待医生复核",IF(AND(J15<1,N15>=2),"待核验",IF(J15<1,"暂缓",IF(N15>=3,"候选（可制作）","暂缓")))) -> 候选（可制作） | P15: 候选（可制作） | Q15: =IF(P15=O15,"一致","需复核") -> 一致 | R15: =IF(AND(J15=1,M15=0,P15="候选（可制作）"),"待医生签署后可制作",IF(AND(P15="候选（可制作）",M15>0),"禁止发布（风险待改写）","禁止发布")) -> 待医生签署后可制作 | S15: 测前先上厕所：把'排空膀胱'放进测前清单
A16: T13 | B16: 家庭测量 | C16: 测量时紧张怎么办 | D16: Q20 | E16: Q20「测量时紧张怎么办」 | F16: 4 | G16: 4 | H16: =IF($F16>=20,2,IF($F16>=10,1,0)) -> 0 | I16: 1 | J16: 0 | K16: 待核验：事实卡未覆盖紧张/白大衣效应，需补证 | L16: 0 | M16: 0 | N16: =MAX(0,MIN(5,SUM(H16:L16)-M16)) -> 1 | O16: =IF(M16=1,"待医生复核",IF(AND(J16<1,N16>=2),"待核验",IF(J16<1,"暂缓",IF(N16>=3,"候选（可制作）","暂缓")))) -> 暂缓 | P16: 暂缓 | Q16: =IF(P16=O16,"一致","需复核") -> 一致 | R16: =IF(AND(J16=1,M16=0,P16="候选（可制作）"),"待医生签署后可制作",IF(AND(P16="候选（可制作）",M16>0),"禁止发布（风险待改写）","禁止发布")) -> 禁止发布 | S16: 紧张会让数字偏高：先静坐、别盯着数字看 | T16: 低需求+低证据：暂缓，等证据补齐再排期
A17: T14 | B17: 家庭测量 | C17: 每次都测五遍好吗 | D17: Q32 | E17: Q32「每次都测五遍好吗」 | F17: 8 | G17: 8 | H17: =IF($F17>=20,2,IF($F17>=10,1,0)) -> 0 | I17: 1 | J17: 0.5 | K17: 事实卡 F09 说明'每次两个读数'，可作对照但不直接回答'五遍'，部分待核验 | L17: 0 | M17: 0 | N17: =MAX(0,MIN(5,SUM(H17:L17)-M17)) -> 1.5 | O17: =IF(M17=1,"待医生复核",IF(AND(J17<1,N17>=2),"待核验",IF(J17<1,"暂缓",IF(N17>=3,"候选（可制作）","暂缓")))) -> 暂缓 | P17: 暂缓 | Q17: =IF(P17=O17,"一致","需复核") -> 一致 | R17: =IF(AND(J17=1,M17=0,P17="候选（可制作）"),"待医生签署后可制作",IF(AND(P17="候选（可制作）",M17>0),"禁止发布（风险待改写）","禁止发布")) -> 禁止发布 | S17: 测得多≠测得准：两次读数足够，反复测会越测越紧张 | T17: 低重要性：可作为T07的补充问答，不单独成篇
A18: T15 | B18: 家庭测量 | C18: 几个人共用一台行吗 | D18: Q29 | E18: Q29「几个人共用一台行吗」 | F18: 18 | G18: 18 | H18: =IF($F18>=20,2,IF($F18>=10,1,0)) -> 1 | I18: 1 | J18: 0 | K18: 待核验：事实卡未覆盖多人共用设备的记录区分与袖带卫生 | L18: 1 | M18: 0 | N18: =MAX(0,MIN(5,SUM(H18:L18)-M18)) -> 3 | O18: =IF(M18=1,"待医生复核",IF(AND(J18<1,N18>=2),"待核验",IF(J18<1,"暂缓",IF(N18>=3,"候选（可制作）","暂缓")))) -> 待核验 | P18: 待核验 | Q18: =IF(P18=O18,"一致","需复核") -> 一致 | R18: =IF(AND(J18=1,M18=0,P18="候选（可制作）"),"待医生签署后可制作",IF(AND(P18="候选（可制作）",M18>0),"禁止发布（风险待改写）","禁止发布")) -> 禁止发布 | S18: 一台机器多人用：各自建记录、换人重新静坐、袖带清洁
A19: T16 | B19: 家庭测量 | C19: 设备多久核对一次 | D19: Q24 | E19: Q24「设备多久核对」 | F19: 11 | G19: 11 | H19: =IF($F19>=20,2,IF($F19>=10,1,0)) -> 1 | I19: 1 | J19: 0.5 | K19: 事实卡 F10 提到'携带设备与医疗人员核对'，未给周期，部分待核验 | L19: 1 | M19: 0 | N19: =MAX(0,MIN(5,SUM(H19:L19)-M19)) -> 3.5 | O19: =IF(M19=1,"待医生复核",IF(AND(J19<1,N19>=2),"待核验",IF(J19<1,"暂缓",IF(N19>=3,"候选（可制作）","暂缓")))) -> 待核验 | P19: 待核验 | Q19: =IF(P19=O19,"一致","需复核") -> 一致 | R19: =IF(AND(J19=1,M19=0,P19="候选（可制作）"),"待医生签署后可制作",IF(AND(P19="候选（可制作）",M19>0),"禁止发布（风险待改写）","禁止发布")) -> 禁止发布 | S19: 设备也会'跑偏'：带设备去复诊，让医生对一次 | T19: 核对周期需补证，文案不写具体月数
A20: T17 | B20: 记录随访 | C20: 什么时候带记录去复诊 | D20: Q11 | E20: Q11「什么时候带记录去复诊」 | F20: 12 | G20: 12 | H20: =IF($F20>=20,2,IF($F20>=10,1,0)) -> 1 | I20: 1 | J20: 1 | K20: 事实卡 F10（携带测量记录和设备与医疗人员核对）；未签署 | L20: 1 | M20: 0 | N20: =MAX(0,MIN(5,SUM(H20:L20)-M20)) -> 4 | O20: =IF(M20=1,"待医生复核",IF(AND(J20<1,N20>=2),"待核验",IF(J20<1,"暂缓",IF(N20>=3,"候选（可制作）","暂缓")))) -> 候选（可制作） | P20: 候选（可制作） | Q20: =IF(P20=O20,"一致","需复核") -> 一致 | R20: =IF(AND(J20=1,M20=0,P20="候选（可制作）"),"待医生签署后可制作",IF(AND(P20="候选（可制作）",M20>0),"禁止发布（风险待改写）","禁止发布")) -> 待医生签署后可制作 | S20: 复诊三件套：记录、设备、正在吃的药
A21: T18 | B21: 记录随访 | C21: 记录要保留哪些数值 | D21: Q22 | E21: Q22「记录保留哪些数值」 | F21: 14 | G21: 14 | H21: =IF($F21>=20,2,IF($F21>=10,1,0)) -> 1 | I21: 1 | J21: 0.5 | K21: 事实卡 F09 仅要求'记录结果'，字段清单待核验 | L21: 1 | M21: 0 | N21: =MAX(0,MIN(5,SUM(H21:L21)-M21)) -> 3.5 | O21: =IF(M21=1,"待医生复核",IF(AND(J21<1,N21>=2),"待核验",IF(J21<1,"暂缓",IF(N21>=3,"候选（可制作）","暂缓")))) -> 待核验 | P21: 待核验 | Q21: =IF(P21=O21,"一致","需复核") -> 一致 | R21: =IF(AND(J21=1,M21=0,P21="候选（可制作）"),"待医生签署后可制作",IF(AND(P21="候选（可制作）",M21>0),"禁止发布（风险待改写）","禁止发布")) -> 禁止发布 | S21: 一行记全：日期、时间、高压、低压、脉搏、备注 | T21: 字段清单需补证，先按'最小可用字段'表述
A22: T19 | B22: 记录随访 | C22: 纸质记录还是手机记录 | D22: Q23 | E22: Q23「纸质记录还是手机记录」 | F22: 13 | G22: 13 | H22: =IF($F22>=20,2,IF($F22>=10,1,0)) -> 1 | I22: 1 | J22: 0 | K22: 待核验：事实卡未涉及记录载体 | L22: 0 | M22: 0 | N22: =MAX(0,MIN(5,SUM(H22:L22)-M22)) -> 2 | O22: =IF(M22=1,"待医生复核",IF(AND(J22<1,N22>=2),"待核验",IF(J22<1,"暂缓",IF(N22>=3,"候选（可制作）","暂缓")))) -> 待核验 | P22: 待核验 | Q22: =IF(P22=O22,"一致","需复核") -> 一致 | R22: =IF(AND(J22=1,M22=0,P22="候选（可制作）"),"待医生签署后可制作",IF(AND(P22="候选（可制作）",M22>0),"禁止发布（风险待改写）","禁止发布")) -> 禁止发布 | S22: 能坚持的那个就是好工具：纸卡/手机二选一均可
A23: T20 | B23: 记录随访 | C23: 漏记一天怎么办 | D23: Q27 | E23: Q27「漏记一天怎么办」 | F23: 19 | G23: 19 | H23: =IF($F23>=20,2,IF($F23>=10,1,0)) -> 1 | I23: 1 | J23: 0 | K23: 待核验：事实卡未涉及漏记处理 | L23: 0 | M23: 0 | N23: =MAX(0,MIN(5,SUM(H23:L23)-M23)) -> 2 | O23: =IF(M23=1,"待医生复核",IF(AND(J23<1,N23>=2),"待核验",IF(J23<1,"暂缓",IF(N23>=3,"候选（可制作）","暂缓")))) -> 待核验 | P23: 待核验 | Q23: =IF(P23=O23,"一致","需复核") -> 一致 | R23: =IF(AND(J23=1,M23=0,P23="候选（可制作）"),"待医生签署后可制作",IF(AND(P23="候选（可制作）",M23>0),"禁止发布（风险待改写）","禁止发布")) -> 禁止发布 | S23: 漏了不用补：从今天继续记，别中断整周
A24: T21 | B24: 记录随访 | C24: 能只记最低的一次吗 | D24: Q31 | E24: Q31「能只记最低的一次吗」 | F24: 6 | G24: 6 | H24: =IF($F24>=20,2,IF($F24>=10,1,0)) -> 0 | I24: 1 | J24: 0 | K24: 待核验：事实卡未涉及选择性记录 | L24: 1 | M24: 0.5 | N24: =MAX(0,MIN(5,SUM(H24:L24)-M24)) -> 1.5 | O24: =IF(M24=1,"待医生复核",IF(AND(J24<1,N24>=2),"待核验",IF(J24<1,"暂缓",IF(N24>=3,"候选（可制作）","暂缓")))) -> 暂缓 | P24: 暂缓 | Q24: =IF(P24=O24,"一致","需复核") -> 一致 | R24: =IF(AND(J24=1,M24=0,P24="候选（可制作）"),"待医生签署后可制作",IF(AND(P24="候选（可制作）",M24>0),"禁止发布（风险待改写）","禁止发布")) -> 禁止发布 | S24: 只记好看的那次=让医生看错病情：全部记录，包括高的 | T24: 风险点：涉及记录完整性，易被理解为'挑着记也行'；需明确'不筛选、不删高值'
A25: T22 | B25: 特殊情况 | C25: 血压正常了能不能停药 | D25: Q12 | E25: Q12「正常了能不能停药」 | F25: 1 | G25: 1 | H25: =IF($F25>=20,2,IF($F25>=10,1,0)) -> 0 | I25: 1 | J25: 1 | K25: 事实卡 F02（不要仅因家庭读数改变而自行停药）；未签署 | L25: 1 | M25: 1 | N25: =MAX(0,MIN(5,SUM(H25:L25)-M25)) -> 2 | O25: =IF(M25=1,"待医生复核",IF(AND(J25<1,N25>=2),"待核验",IF(J25<1,"暂缓",IF(N25>=3,"候选（可制作）","暂缓")))) -> 待医生复核 | P25: 待医生复核 | Q25: =IF(P25=O25,"一致","需复核") -> 一致 | R25: =IF(AND(J25=1,M25=0,P25="候选（可制作）"),"待医生签署后可制作",IF(AND(P25="候选（可制作）",M25>0),"禁止发布（风险待改写）","禁止发布")) -> 禁止发布 | S25: 数字正常是药和生活方式在起作用，不是病好了 | T25: 高风险：涉及用药调整，必须医生复核后才可制作
A26: T23 | B26: 特殊情况 | C26: 忘了吃药怎么办 | D26: Q13 | E26: Q13「忘了吃药怎么办」 | F26: 13 | G26: 13 | H26: =IF($F26>=20,2,IF($F26>=10,1,0)) -> 1 | I26: 1 | J26: 0 | K26: 待核验：漏服处理因药物而异，事实卡未覆盖 | L26: 1 | M26: 1 | N26: =MAX(0,MIN(5,SUM(H26:L26)-M26)) -> 2 | O26: =IF(M26=1,"待医生复核",IF(AND(J26<1,N26>=2),"待核验",IF(J26<1,"暂缓",IF(N26>=3,"候选（可制作）","暂缓")))) -> 待医生复核 | P26: 待医生复核 | Q26: =IF(P26=O26,"一致","需复核") -> 一致 | R26: =IF(AND(J26=1,M26=0,P26="候选（可制作）"),"待医生签署后可制作",IF(AND(P26="候选（可制作）",M26>0),"禁止发布（风险待改写）","禁止发布")) -> 禁止发布 | S26: 漏服怎么办要看药：不自行补双倍，联系医生/药师 | T26: 高风险：涉及补服剂量，任何具体建议都需医生确认
A27: T24 | B27: 特殊情况 | C27: 晚上和早上数字不同正常吗 | D27: Q25 | E27: Q25「晚上和早上不同正常吗」 | F27: 15 | G27: 15 | H27: =IF($F27>=20,2,IF($F27>=10,1,0)) -> 1 | I27: 1 | J27: 0 | K27: 待核验：事实卡未覆盖昼夜波动与晨峰 | L27: 1 | M27: 0.5 | N27: =MAX(0,MIN(5,SUM(H27:L27)-M27)) -> 2.5 | O27: =IF(M27=1,"待医生复核",IF(AND(J27<1,N27>=2),"待核验",IF(J27<1,"暂缓",IF(N27>=3,"候选（可制作）","暂缓")))) -> 待核验 | P27: 待核验 | Q27: =IF(P27=O27,"一致","需复核") -> 一致 | R27: =IF(AND(J27=1,M27=0,P27="候选（可制作）"),"待医生签署后可制作",IF(AND(P27="候选（可制作）",M27>0),"禁止发布（风险待改写）","禁止发布")) -> 禁止发布 | S27: 早晚不一样是常态：固定时段记录，看趋势不看单点 | T27: 风险点：'波动正常'可能被误读为'高也不用管'，需加'持续偏高要就医'
A28: T25 | B28: 特殊情况 | C28: 头晕但数字正常怎么办 | D28: Q26 | E28: Q26「头晕但数字正常怎么办」 | F28: 9 | G28: 9 | H28: =IF($F28>=20,2,IF($F28>=10,1,0)) -> 0 | I28: 0 | J28: 0 | K28: 待核验：症状与读数不一致属红旗表现，事实卡未覆盖 | L28: 1 | M28: 1 | N28: =MAX(0,MIN(5,SUM(H28:L28)-M28)) -> 0 | O28: =IF(M28=1,"待医生复核",IF(AND(J28<1,N28>=2),"待核验",IF(J28<1,"暂缓",IF(N28>=3,"候选（可制作）","暂缓")))) -> 待医生复核 | P28: 待医生复核 | Q28: =IF(P28=O28,"一致","需复核") -> 一致 | R28: =IF(AND(J28=1,M28=0,P28="候选（可制作）"),"待医生签署后可制作",IF(AND(P28="候选（可制作）",M28>0),"禁止发布（风险待改写）","禁止发布")) -> 禁止发布 | S28: 数字正常也可能有问题：症状本身要看医生，不自行归因 | T28: 高风险：症状归因属个体诊疗，科普只能写'及时就医'，不得解释原因或给处理方案
A29: T26 | B29: 特殊情况 | C29: 怀孕后还能用同一个设备吗 | D29: Q33 | E29: Q33「怀孕后还能用同一个设备吗」 | F29: 14 | G29: 14 | H29: =IF($F29>=20,2,IF($F29>=10,1,0)) -> 1 | I29: 0 | J29: 0 | K29: 待核验：F03 仅提示特殊人群需额外确认设备适用性，孕期方案无依据 | L29: 1 | M29: 1 | N29: =MAX(0,MIN(5,SUM(H29:L29)-M29)) -> 1 | O29: =IF(M29=1,"待医生复核",IF(AND(J29<1,N29>=2),"待核验",IF(J29<1,"暂缓",IF(N29>=3,"候选（可制作）","暂缓")))) -> 待医生复核 | P29: 待医生复核 | Q29: =IF(P29=O29,"一致","需复核") -> 一致 | R29: =IF(AND(J29=1,M29=0,P29="候选（可制作）"),"待医生签署后可制作",IF(AND(P29="候选（可制作）",M29>0),"禁止发布（风险待改写）","禁止发布")) -> 禁止发布 | S29: 孕期测量方案要单独定：设备与目标值都问产检医生 | T29: 高风险：妊娠属特殊人群，需产科/心内科共同确认表述边界
A30: T27 | B30: 特殊情况 | C30: 小孩可以用成人袖带吗 | D30: Q34 | E30: Q34「小孩可以用成人袖带吗」 | F30: 3 | G30: 3 | H30: =IF($F30>=20,2,IF($F30>=10,1,0)) -> 0 | I30: 0 | J30: 0 | K30: 待核验：儿童袖带与阈值均无依据，事实卡未覆盖 | L30: 1 | M30: 1 | N30: =MAX(0,MIN(5,SUM(H30:L30)-M30)) -> 0 | O30: =IF(M30=1,"待医生复核",IF(AND(J30<1,N30>=2),"待核验",IF(J30<1,"暂缓",IF(N30>=3,"候选（可制作）","暂缓")))) -> 待医生复核 | P30: 待医生复核 | Q30: =IF(P30=O30,"一致","需复核") -> 一致 | R30: =IF(AND(J30=1,M30=0,P30="候选（可制作）"),"待医生签署后可制作",IF(AND(P30="候选（可制作）",M30>0),"禁止发布（风险待改写）","禁止发布")) -> 禁止发布 | S30: 孩子不能用成人袖带凑：儿童测量到儿科做 | T30: 高风险：儿童阈值与设备均不同于成人，科普不越界
A31: T28 | B31: 特殊情况 | C31: 旅游／出门要不要带设备 | D31: Q28 | E31: Q28「旅游带不带设备」 | F31: 8 | G31: 8 | H31: =IF($F31>=20,2,IF($F31>=10,1,0)) -> 0 | I31: 1 | J31: 0 | K31: 待核验：事实卡未涉及外出测量 | L31: 0 | M31: 0 | N31: =MAX(0,MIN(5,SUM(H31:L31)-M31)) -> 1 | O31: =IF(M31=1,"待医生复核",IF(AND(J31<1,N31>=2),"待核验",IF(J31<1,"暂缓",IF(N31>=3,"候选（可制作）","暂缓")))) -> 暂缓 | P31: 暂缓 | Q31: =IF(P31=O31,"一致","需复核") -> 一致 | R31: =IF(AND(J31=1,M31=0,P31="候选（可制作）"),"待医生签署后可制作",IF(AND(P31="候选（可制作）",M31>0),"禁止发布（风险待改写）","禁止发布")) -> 禁止发布 | S31: 出门照常测：带设备+带记录，异地也按同一套动作
A32: T29 | B32: 就医沟通 | C32: 医生说的目标值和网上不一样怎么办 | D32: Q36 | E32: Q36「医生说的目标值和网上不同怎么办」 | F32: 5 | G32: 5 | H32: =IF($F32>=20,2,IF($F32>=10,1,0)) -> 0 | I32: 1 | J32: 0 | K32: 待核验：个体目标值无依据可引，事实卡未覆盖 | L32: 1 | M32: 1 | N32: =MAX(0,MIN(5,SUM(H32:L32)-M32)) -> 1 | O32: =IF(M32=1,"待医生复核",IF(AND(J32<1,N32>=2),"待核验",IF(J32<1,"暂缓",IF(N32>=3,"候选（可制作）","暂缓")))) -> 待医生复核 | P32: 待医生复核 | Q32: =IF(P32=O32,"一致","需复核") -> 一致 | R32: =IF(AND(J32=1,M32=0,P32="候选（可制作）"),"待医生签署后可制作",IF(AND(P32="候选（可制作）",M32>0),"禁止发布（风险待改写）","禁止发布")) -> 禁止发布 | S32: 目标值是医生给你定的：以随访医生为准，别按网上数字自行调药 | T32: 高风险：目标值个体化，且易被误读为'可以自己调药'，必须医生复核
A33: T30 | B33: 就医沟通 | C33: 视频问诊怎么展示记录 | D33: Q30 | E33: Q30「视频问诊怎么展示记录」 | F33: 5 | G33: 5 | H33: =IF($F33>=20,2,IF($F33>=10,1,0)) -> 0 | I33: 1 | J33: 0 | K33: 待核验：事实卡未涉及远程问诊 | L33: 0 | M33: 0 | N33: =MAX(0,MIN(5,SUM(H33:L33)-M33)) -> 1 | O33: =IF(M33=1,"待医生复核",IF(AND(J33<1,N33>=2),"待核验",IF(J33<1,"暂缓",IF(N33>=3,"候选（可制作）","暂缓")))) -> 暂缓 | P33: 暂缓 | Q33: =IF(P33=O33,"一致","需复核") -> 一致 | R33: =IF(AND(J33=1,M33=0,P33="候选（可制作）"),"待医生签署后可制作",IF(AND(P33="候选（可制作）",M33>0),"禁止发布（风险待改写）","禁止发布")) -> 禁止发布 | S33: 视频问诊先发记录截图，再把设备举到镜头前

Sheet 待医生复核
A1: 待医生复核（高风险题）｜风险扣分=1 的题目不得直接制作或发布，须医生逐条确认
A2: 本表数据与『选题总库』联动：合计分、频次、来源编号均由 VLOOKUP 取自主表，主表改分本表自动同步；本表演示'只标待办、不代医生下结论'，复核结论为空时一律视为未通过。
A3: 选题ID | B3: 分类 | C3: 选题主题 | D3: 来源编号 | E3: 患者原话（保留） | F3: 聚合频次 | G3: 合计 0–5 | H3: 风险扣分 | I3: 触发复核原因 | J3: 复核要点（需医生逐条确认） | K3: 复核结论 （下拉） | L3: 复核人 | M3: 复核日期 | N3: 是否可进入制作
A4: T22 | B4: =VLOOKUP($A4,选题总库!$A:$T,2,FALSE()) -> 特殊情况 | C4: =VLOOKUP($A4,选题总库!$A:$T,3,FALSE()) -> 血压正常了能不能停药 | D4: =VLOOKUP($A4,选题总库!$A:$T,4,FALSE()) -> Q12 | E4: =VLOOKUP($A4,选题总库!$A:$T,5,FALSE()) -> Q12「正常了能不能停药」 | F4: =VLOOKUP($A4,选题总库!$A:$T,6,FALSE()) -> 1 | G4: =VLOOKUP($A4,选题总库!$A:$T,14,FALSE()) -> 2 | H4: =VLOOKUP($A4,选题总库!$A:$T,13,FALSE()) -> 1 | I4: 涉及用药调整（自行停药风险） | J4: ① 是否允许公开表述'不自行停药、需与医生讨论'；② 是否必须加'不替代个体诊疗'固定提示；③ F02 未签署，是否可作引用依据；④ 标题是否需回避'停药'字样的绝对化表达。 | K4: 待复核 | N4: =IF(K4="同意（可制作）","可进入制作（仍需签署）","不可制作") -> 不可制作
A5: T23 | B5: =VLOOKUP($A5,选题总库!$A:$T,2,FALSE()) -> 特殊情况 | C5: =VLOOKUP($A5,选题总库!$A:$T,3,FALSE()) -> 忘了吃药怎么办 | D5: =VLOOKUP($A5,选题总库!$A:$T,4,FALSE()) -> Q13 | E5: =VLOOKUP($A5,选题总库!$A:$T,5,FALSE()) -> Q13「忘了吃药怎么办」 | F5: =VLOOKUP($A5,选题总库!$A:$T,6,FALSE()) -> 13 | G5: =VLOOKUP($A5,选题总库!$A:$T,14,FALSE()) -> 2 | H5: =VLOOKUP($A5,选题总库!$A:$T,13,FALSE()) -> 1 | I5: 涉及漏服补服，具体处理因药而异 | J5: ① 科普层面能否给'不自行补双倍'这类通用原则；② 是否只保留'联系医生/药师'的指引；③ 是否禁止出现任何剂量、时间窗建议；④ 是否需药学部二次核对。 | K5: 待复核 | N5: =IF(K5="同意（可制作）","可进入制作（仍需签署）","不可制作") -> 不可制作
A6: T25 | B6: =VLOOKUP($A6,选题总库!$A:$T,2,FALSE()) -> 特殊情况 | C6: =VLOOKUP($A6,选题总库!$A:$T,3,FALSE()) -> 头晕但数字正常怎么办 | D6: =VLOOKUP($A6,选题总库!$A:$T,4,FALSE()) -> Q26 | E6: =VLOOKUP($A6,选题总库!$A:$T,5,FALSE()) -> Q26「头晕但数字正常怎么办」 | F6: =VLOOKUP($A6,选题总库!$A:$T,6,FALSE()) -> 9 | G6: =VLOOKUP($A6,选题总库!$A:$T,14,FALSE()) -> 0 | H6: =VLOOKUP($A6,选题总库!$A:$T,13,FALSE()) -> 1 | I6: 症状与读数不一致，属红旗表现 | J6: ① 是否只写'出现头晕等症状应及时就医'而不解释原因；② 是否需补急症识别提示（胸痛、言语不清、肢体无力）；③ 能否写'数字正常也可能有问题'；④ 是否需在首屏加就医指引。 | K6: 待复核 | N6: =IF(K6="同意（可制作）","可进入制作（仍需签署）","不可制作") -> 不可制作
A7: T26 | B7: =VLOOKUP($A7,选题总库!$A:$T,2,FALSE()) -> 特殊情况 | C7: =VLOOKUP($A7,选题总库!$A:$T,3,FALSE()) -> 怀孕后还能用同一个设备吗 | D7: =VLOOKUP($A7,选题总库!$A:$T,4,FALSE()) -> Q33 | E7: =VLOOKUP($A7,选题总库!$A:$T,5,FALSE()) -> Q33「怀孕后还能用同一个设备吗」 | F7: =VLOOKUP($A7,选题总库!$A:$T,6,FALSE()) -> 14 | G7: =VLOOKUP($A7,选题总库!$A:$T,14,FALSE()) -> 1 | H7: =VLOOKUP($A7,选题总库!$A:$T,13,FALSE()) -> 1 | I7: 妊娠特殊人群，设备与目标值均需另定 | J7: ① 孕期能否沿用原设备（F03 仅提示'特殊人群需额外确认'）；② 边界是否限定为'咨询产检医生'；③ 是否需要产科会诊签字；④ 是否整题暂缓至有明确依据。 | K7: 待复核 | N7: =IF(K7="同意（可制作）","可进入制作（仍需签署）","不可制作") -> 不可制作
A8: T27 | B8: =VLOOKUP($A8,选题总库!$A:$T,2,FALSE()) -> 特殊情况 | C8: =VLOOKUP($A8,选题总库!$A:$T,3,FALSE()) -> 小孩可以用成人袖带吗 | D8: =VLOOKUP($A8,选题总库!$A:$T,4,FALSE()) -> Q34 | E8: =VLOOKUP($A8,选题总库!$A:$T,5,FALSE()) -> Q34「小孩可以用成人袖带吗」 | F8: =VLOOKUP($A8,选题总库!$A:$T,6,FALSE()) -> 3 | G8: =VLOOKUP($A8,选题总库!$A:$T,14,FALSE()) -> 0 | H8: =VLOOKUP($A8,选题总库!$A:$T,13,FALSE()) -> 1 | I8: 儿童设备与阈值不同于成人 | J8: ① 是否只写'儿童测量到儿科'而不给具体方法；② 是否需说明成人袖带不可替代；③ 儿童年龄/袖带规格是否完全不涉；④ 是否整题暂缓。 | K8: 待复核 | N8: =IF(K8="同意（可制作）","可进入制作（仍需签署）","不可制作") -> 不可制作
A9: T29 | B9: =VLOOKUP($A9,选题总库!$A:$T,2,FALSE()) -> 就医沟通 | C9: =VLOOKUP($A9,选题总库!$A:$T,3,FALSE()) -> 医生说的目标值和网上不一样怎么办 | D9: =VLOOKUP($A9,选题总库!$A:$T,4,FALSE()) -> Q36 | E9: =VLOOKUP($A9,选题总库!$A:$T,5,FALSE()) -> Q36「医生说的目标值和网上不同怎么办」 | F9: =VLOOKUP($A9,选题总库!$A:$T,6,FALSE()) -> 5 | G9: =VLOOKUP($A9,选题总库!$A:$T,14,FALSE()) -> 1 | H9: =VLOOKUP($A9,选题总库!$A:$T,13,FALSE()) -> 1 | I9: 个体目标值，易被误读为可自行调药 | J9: ① 能否写'目标值因人而异，以随访医生设定为准'；② 是否允许列举一般参考区间；③ 是否须明确'不按网上数字自行调药'；④ 与'网上说法'对比的表述是否会被理解为贬低同行。 | K9: 待复核 | N9: =IF(K9="同意（可制作）","可进入制作（仍需签署）","不可制作") -> 不可制作

Sheet 分类汇总
B2: 分类汇总（公式联动主表）
B3: 所有数字均为 COUNTIF/SUMIF/AVERAGEIF 公式，改主表即自动更新；分类口径见『说明』。
B5: 分类 | C5: 选题数 | D5: 聚合频次合计 | E5: 平均合计分 | F5: 最高合计分 | G5: 候选（可制作） | H5: 待核验 | I5: 待医生复核 | J5: 暂缓
B6: 家庭测量 | C6: =COUNTIF(选题总库!$B$4:$B$33,$B6) -> 16 | D6: =SUMIF(选题总库!$B$4:$B$33,$B6,选题总库!$F$4:$F$33) -> 216 | E6: =IFERROR(ROUND(AVERAGEIF(选题总库!$B$4:$B$33,$B6,选题总库!$N$4:$N$33),2),"-") -> 3.38 | F6: =IFERROR(SUMPRODUCT(MAX((选题总库!$B$4:$B$33=$B6)*(选题总库!$N$4:$N$33))),"-") -> 5 | G6: =COUNTIFS(选题总库!$B$4:$B$33,$B6,选题总库!$P$4:$P$33,"候选（可制作）") -> 8 | H6: =COUNTIFS(选题总库!$B$4:$B$33,$B6,选题总库!$P$4:$P$33,"待核验") -> 6 | I6: =COUNTIFS(选题总库!$B$4:$B$33,$B6,选题总库!$P$4:$P$33,"待医生复核") -> 0 | J6: =COUNTIFS(选题总库!$B$4:$B$33,$B6,选题总库!$P$4:$P$33,"暂缓") -> 2
B7: 记录随访 | C7: =COUNTIF(选题总库!$B$4:$B$33,$B7) -> 5 | D7: =SUMIF(选题总库!$B$4:$B$33,$B7,选题总库!$F$4:$F$33) -> 64 | E7: =IFERROR(ROUND(AVERAGEIF(选题总库!$B$4:$B$33,$B7,选题总库!$N$4:$N$33),2),"-") -> 2.6 | F7: =IFERROR(SUMPRODUCT(MAX((选题总库!$B$4:$B$33=$B7)*(选题总库!$N$4:$N$33))),"-") -> 4 | G7: =COUNTIFS(选题总库!$B$4:$B$33,$B7,选题总库!$P$4:$P$33,"候选（可制作）") -> 1 | H7: =COUNTIFS(选题总库!$B$4:$B$33,$B7,选题总库!$P$4:$P$33,"待核验") -> 3 | I7: =COUNTIFS(选题总库!$B$4:$B$33,$B7,选题总库!$P$4:$P$33,"待医生复核") -> 0 | J7: =COUNTIFS(选题总库!$B$4:$B$33,$B7,选题总库!$P$4:$P$33,"暂缓") -> 1
B8: 特殊情况 | C8: =COUNTIF(选题总库!$B$4:$B$33,$B8) -> 7 | D8: =SUMIF(选题总库!$B$4:$B$33,$B8,选题总库!$F$4:$F$33) -> 63 | E8: =IFERROR(ROUND(AVERAGEIF(选题总库!$B$4:$B$33,$B8,选题总库!$N$4:$N$33),2),"-") -> 1.21 | F8: =IFERROR(SUMPRODUCT(MAX((选题总库!$B$4:$B$33=$B8)*(选题总库!$N$4:$N$33))),"-") -> 2.5 | G8: =COUNTIFS(选题总库!$B$4:$B$33,$B8,选题总库!$P$4:$P$33,"候选（可制作）") -> 0 | H8: =COUNTIFS(选题总库!$B$4:$B$33,$B8,选题总库!$P$4:$P$33,"待核验") -> 1 | I8: =COUNTIFS(选题总库!$B$4:$B$33,$B8,选题总库!$P$4:$P$33,"待医生复核") -> 5 | J8: =COUNTIFS(选题总库!$B$4:$B$33,$B8,选题总库!$P$4:$P$33,"暂缓") -> 1
B9: 就医沟通 | C9: =COUNTIF(选题总库!$B$4:$B$33,$B9) -> 2 | D9: =SUMIF(选题总库!$B$4:$B$33,$B9,选题总库!$F$4:$F$33) -> 10 | E9: =IFERROR(ROUND(AVERAGEIF(选题总库!$B$4:$B$33,$B9,选题总库!$N$4:$N$33),2),"-") -> 1 | F9: =IFERROR(SUMPRODUCT(MAX((选题总库!$B$4:$B$33=$B9)*(选题总库!$N$4:$N$33))),"-") -> 1 | G9: =COUNTIFS(选题总库!$B$4:$B$33,$B9,选题总库!$P$4:$P$33,"候选（可制作）") -> 0 | H9: =COUNTIFS(选题总库!$B$4:$B$33,$B9,选题总库!$P$4:$P$33,"待核验") -> 0 | I9: =COUNTIFS(选题总库!$B$4:$B$33,$B9,选题总库!$P$4:$P$33,"待医生复核") -> 1 | J9: =COUNTIFS(选题总库!$B$4:$B$33,$B9,选题总库!$P$4:$P$33,"暂缓") -> 1
B10: 合计 | C10: =SUM(C6:C9) -> 30 | D10: =SUM(D6:D9) -> 353 | E10: =IFERROR(ROUND(AVERAGE(选题总库!$N$4:$N$33),2),"-") -> 2.58 | F10: =MAX(选题总库!$N$4:$N$33) -> 5 | G10: =SUM(G6:G9) -> 9 | H10: =SUM(H6:H9) -> 10 | I10: =SUM(I6:I9) -> 6 | J10: =SUM(J6:J9) -> 5
B12: 证据状态分布（不写'有指南'）
B13: 有事实卡正面覆盖（=1） | C13: =COUNTIF(选题总库!$J$4:$J$33,1) -> 10
B14: 仅部分覆盖（=0.5） | C14: =COUNTIF(选题总库!$J$4:$J$33,0.5) -> 5
B15: 待核验（=0） | C15: =COUNTIF(选题总库!$J$4:$J$33,0) -> 15
B16: 说明：=1 的证据也仅到'教学来源核对'，医生未签署。

Sheet 来源全量表
A1: 来源全量表｜36 条原始问法一条不删，仅标注归并去向（只读核对用）
A2: 编号 | B2: 患者原问题（原文逐字保留） | C2: 模拟频次 | D2: 所属选题ID | E2: 分类 | F2: 处理方式 | G2: 备注
A3: Q01 | B3: 家里量血压要坐多久 | C3: 8 | D3: T01 | E3: 家庭测量 | F3: 同义合并 → T01 | G3: 原话保留在合并题中
A4: Q02 | B4: 刚运动完能不能量 | C4: 18 | D4: T02 | E4: 家庭测量 | F4: 同义合并 → T02 | G4: 原话保留在合并题中
A5: Q03 | B5: 喝咖啡后多久量 | C5: 2 | D5: T02 | E5: 家庭测量 | F5: 同义合并 → T02 | G5: 原话保留在合并题中
A6: Q04 | B6: 袖带隔着衣服行吗 | C6: 6 | D6: T03 | E6: 家庭测量 | F6: 同义合并 → T03 | G6: 原话保留在合并题中
A7: Q05 | B7: 左右手应该选哪边 | C7: 4 | D7: T04 | E7: 家庭测量 | F7: 独立选题 | G7: 原话未改写
A8: Q06 | B8: 血压计怎么买 | C8: 15 | D8: T05 | E8: 家庭测量 | F8: 同义合并 → T05 | G8: 原话保留在合并题中
A9: Q07 | B9: 袖带太小怎么办 | C9: 13 | D9: T06 | E9: 家庭测量 | F9: 独立选题 | G9: 原话未改写
A10: Q08 | B10: 第一次数字高要不要重测 | C10: 14 | D10: T07 | E10: 家庭测量 | F10: 同义合并 → T07 | G10: 原话保留在合并题中
A11: Q09 | B11: 两次间隔多久 | C11: 11 | D11: T07 | E11: 家庭测量 | F11: 同义合并 → T07 | G11: 原话保留在合并题中
A12: Q10 | B12: 一天量几次 | C12: 16 | D12: T08 | E12: 家庭测量 | F12: 独立选题 | G12: 原话未改写
A13: Q11 | B13: 什么时候带记录去复诊 | C13: 12 | D13: T17 | E13: 记录随访 | F13: 独立选题 | G13: 原话未改写
A14: Q12 | B14: 正常了能不能停药 | C14: 1 | D14: T22 | E14: 特殊情况 | F14: 独立选题 | G14: 原话未改写
... A38: Q36 | B38: 医生说的目标值和网上不同怎么办 | C38: 5 | D38: T29 | E38: 就医沟通 | F38: 独立选题 | G38: 原话未改写
A39: 合计 | B39: ="共 "&COUNTA(A3:A38)&" 条原始问题；频次合计 "&SUM(C3:C38) -> 共 36 条原始问题；频次合计 353 | C39: =SUM(C3:C38) -> 353
