Workbook

Sheet 选题库
A1: 序号 | B1: 分类 | C1: 选题标题 | D1: 患者原话（合并前） | E1: 来源编号 | F1: 合计频次 | G1: 受众 | H1: 核心问题 | I1: 内容角度 | J1: 支持事实卡 | K1: 支持范围 | L1: 证据状态 | M1: 需求(0-2) | N1: 专业匹配(0-1) | O1: 证据充分(0-1) | P1: 重要性(0-1) | Q1: 风险扣分(0-1) | R1: 总分 | S1: 评分理由 | T1: 状态 | U1: 需专业复核
A2: 1 | B2: 家庭测量 | C2: 测前要安静坐多久 | D2: “家里量血压要坐多久” | E2: Q01 | F2: 8 | G2: 患者及照护者 | H2: 测量前需要静坐休息多久，怎么安排测前准备 | I2: 按F05给出“安静休息至少5分钟”的标准与简易计时方法；测前顺序：排尿→静坐5分钟→测量 | J2: F05 | K2: 测量前排空膀胱并安静休息至少5分钟 | L2: 已核对 | M2: 1 | N2: 1 | O2: 1 | P2: 1 | Q2: 0 | R2: =MAX(0,MIN(5,SUM(M2:P2)-Q2)) -> 4 | S2: 频次中等；F05直接支持测前静坐5分钟，准确性基础内容 | T2: 未开始 | U2: 否
A3: 2 | B3: 家庭测量 | C3: 刚运动完能不能量 | D3: “刚运动完能不能量” | E3: Q02 | F3: 18 | G3: 患者 | H3: 运动后需要间隔多久才能测量 | I3: 按F04给出“测量前30分钟避免运动”的要求；说明同一要求覆盖吸烟与含咖啡因饮料；不举行走/家务等具体等待示例（卡内未覆盖，需补充依据后再写） | J3: F04 | K3: 测量前30分钟避免吸烟、含咖啡因饮料和运动 | L3: 已核对 | M3: 2 | N3: 1 | O3: 1 | P3: 0 | Q3: 0 | R3: =MAX(0,MIN(5,SUM(M3:P3)-Q3)) -> 4 | S3: 高频；F04直接支持30分钟间隔，测前清单核心内容 | T3: 未开始 | U3: 否
A4: 3 | B4: 家庭测量 | C4: 喝咖啡后多久能量 | D4: “喝咖啡后多久量” | E4: Q03 | F4: 2 | G4: 患者 | H4: 喝含咖啡因饮料后需间隔多久测量 | I4: 按F04：含咖啡因饮料与运动同列，测量前30分钟避免；可与“运动后”互相引用但保留独立选题 | J4: F04 | K4: 测量前30分钟避免吸烟、含咖啡因饮料和运动 | L4: 已核对 | M4: 0 | N4: 1 | O4: 1 | P4: 0 | Q4: 0 | R4: =MAX(0,MIN(5,SUM(M4:P4)-Q4)) -> 2 | S4: 低频；F04直接支持，一句话可讲清，适合短内容 | T4: 未开始 | U4: 否
A5: 4 | B5: 家庭测量 | C5: 袖带隔着衣服量行不行 | D5: “袖带隔着衣服行吗”；“量血压前要脱外套吗” | E5: Q04、Q35 | F5: 20 | G5: 患者及照护者 | H5: 袖带与衣物的关系，冬季怎么处理 | I5: 统一口径：露出测量的上臂，袖带按设备说明接触皮肤（F06：袖带直接接触上臂皮肤，不隔衣测量）；不将挽袖或只脱外套写成通用解决办法 | J5: F06 | K5: 袖带直接接触上臂皮肤，不隔衣测量；按设备说明正确放置 | L5: 已核对 | M5: 2 | N5: 1 | O5: 1 | P5: 1 | Q5: 0 | R5: =MAX(0,MIN(5,SUM(M5:P5)-Q5)) -> 5 | S5: 高频；F06直接支持不隔衣测量，秋冬实用，全库最高分 | T5: 未开始 | U5: 否
A6: 5 | B6: 家庭测量 | C6: 左右手应该选哪边 | D6: “左右手应该选哪边” | E6: Q05 | F6: 4 | G6: 患者 | H6: 首次测量应选哪只手臂，之后是否固定 | I6: 拟讲首次双臂都测、后续固定同一手臂；双臂测量与固定手臂的具体建议卡内无依据，先核验再制作 | J6: — | K6: 事实卡未覆盖双臂测量建议 | L6: 待核验 | M6: 0 | N6: 1 | O6: 0 | P6: 0 | Q6: 0 | R6: =MAX(0,MIN(5,SUM(M6:P6)-Q6)) -> 1 | S6: 低频；事实卡未覆盖，待核验 | T6: 暂缓 | U6: 否
A7: 6 | B7: 家庭测量 | C7: 家用血压计怎么买 | D7: “血压计怎么买” | E7: Q06 | F7: 15 | G7: 患者及照护者 | H7: 选什么类型、看什么标准、袖带怎么配 | I7: 按F03：选经验证的上臂式自动血压计、袖带尺寸合适；不推荐品牌；具体认证标准名称需补充核验后再写入 | J7: F03 | K7: 选用经验证的上臂式自动血压计，袖带尺寸应合适 | L7: 已核对 | M7: 1 | N7: 1 | O7: 1 | P7: 1 | Q7: 0 | R7: =MAX(0,MIN(5,SUM(M7:P7)-Q7)) -> 4 | S7: 中高频；F03直接支持上臂式与经验证要求，决策型基础内容 | T7: 未开始 | U7: 否
A8: 7 | B8: 家庭测量 | C8: 袖带太小怎么办 | D8: “袖带太小怎么办” | E8: Q07 | F8: 13 | G8: 患者及照护者 | H8: 袖带不合适会怎样，如何选对袖带 | I8: 按F03强调袖带尺寸应合适；臂围/尺寸的具体测量方法卡内未覆盖，需补充依据后再写；“过小导致读数偏高”的方向性结论同样待核验后补充 | J8: F03 | K8: 袖带尺寸应合适；特殊人群需额外确认设备适用性 | L8: 已核对 | M8: 1 | N8: 1 | O8: 1 | P8: 1 | Q8: 0 | R8: =MAX(0,MIN(5,SUM(M8:P8)-Q8)) -> 4 | S8: 中频；F03支持“尺寸应合适”，影响准确性且常被忽略 | T8: 未开始 | U8: 否
A9: 8 | B9: 家庭测量 | C9: 第一次数字高，要不要重测 | D9: “第一次数字高要不要重测” | E9: Q08 | F9: 14 | G9: 患者及照护者 | H9: 首次读数偏高时怎么办 | I9: 按F09：每次测量本就取两次读数并记录；按F10：不能仅凭单次读数自行判断；“偏高是否需额外加测”“两次如何取值”不在卡内，不使用“取平均”表述 | J9: F09、F10 | K9: 每次测量取两次读数，间隔1分钟，并记录结果；不能仅凭单次读数自行诊断 | L9: 已核对 | M9: 1 | N9: 1 | O9: 1 | P9: 1 | Q9: 0 | R9: =MAX(0,MIN(5,SUM(M9:P9)-Q9)) -> 4 | S9: 中高频；F09/F10支持标准流程与单次不足判断；取值方式待核验 | T9: 未开始 | U9: 否
A10: 9 | B10: 家庭测量 | C10: 两次测量间隔多久 | D10: “两次间隔多久” | E10: Q09 | F10: 11 | G10: 患者及照护者 | H10: 同一次测量中两次读数间隔多久 | I10: 按F09直接回答：间隔1分钟，并记录两次结果；不说“取平均” | J10: F09 | K10: 每次测量取两次读数，间隔1分钟，并记录结果 | L10: 已核对 | M10: 1 | N10: 1 | O10: 1 | P10: 0 | Q10: 0 | R10: =MAX(0,MIN(5,SUM(M10:P10)-Q10)) -> 3 | S10: 中频；F09直接支持间隔1分钟并记录 | T10: 未开始 | U10: 否
A11: 10 | B11: 家庭测量 | C11: 一天量几次、什么时候量 | D11: “一天量几次” | E11: Q10 | F11: 16 | G11: 患者及照护者 | H11: 每日测量次数和时段怎么安排 | I11: 拟讲早晚各一次、固定时段的常规安排；但F09明确“具体频次和疗程由医疗人员确定”，卡内无日频次依据，先核验再制作 | J11: — | K11: F09限定：具体频次和疗程由医疗人员确定，卡内无日频次 | L11: 待核验 | M11: 1 | N11: 1 | O11: 0 | P11: 1 | Q11: 0 | R11: =MAX(0,MIN(5,SUM(M11:P11)-Q11)) -> 3 | S11: 高频但卡内无日频次依据，待核验后再做 | T11: 暂缓 | U11: 否
A12: 11 | B12: 家庭测量 | C12: 测量能聊天吗 | D12: “测量能聊天吗” | E12: Q15 | F12: 2 | G12: 患者及照护者 | H12: 测量期间能否说话、用手机 | I12: 按F08：测量期间保持安静、不说话或使用手机；一句话讲清，适合短内容 | J12: F08 | K12: 测量期间保持安静，不说话或使用手机 | L12: 已核对 | M12: 0 | N12: 1 | O12: 1 | P12: 0 | Q12: 0 | R12: =MAX(0,MIN(5,SUM(M12:P12)-Q12)) -> 2 | S12: 低频；F08直接支持，短内容 | T12: 未开始 | U12: 否
A13: 12 | B13: 家庭测量 | C13: 手臂怎么放、要抬多高 | D13: “手臂应该抬多高” | E13: Q16 | F13: 16 | G13: 患者及照护者 | H13: 测量时手臂的正确位置和高度 | I13: 按F07：手臂有支撑、袖带中部与心脏同高；演示符合该要求的桌面/扶手摆放对比；更多摆放技巧卡内未覆盖，需补充依据后再写 | J13: F07 | K13: 手臂有支撑，袖带中部与心脏同高 | L13: 已核对 | M13: 1 | N13: 1 | O13: 1 | P13: 1 | Q13: 0 | R13: =MAX(0,MIN(5,SUM(M13:P13)-Q13)) -> 4 | S13: 高频；F07直接支持，演示型内容易出彩 | T13: 未开始 | U13: 否
... A36: 35 | B36: 就医沟通 | C36: 医生说的目标值和网上不一样，听谁的 | D36: “医生说的目标值和网上不同怎么办” | E36: Q36 | F36: 5 | G36: 患者 | H36: 个体化目标与网络通用标准的矛盾怎么理解 | I36: 拟讲目标值个体化逻辑、以主治医生为准；个体化目标依据卡内未覆盖，先核验再制作 | J36: — | K36: 事实卡未覆盖降压目标 | L36: 待核验 | M36: 0 | N36: 1 | O36: 0 | P36: 1 | Q36: 0 | R36: =MAX(0,MIN(5,SUM(M36:P36)-Q36)) -> 2 | S36: 低频但是焦虑点；个体化目标依据待核验 | T36: 暂缓 | U36: 否

Sheet 首月优先清单
A1: 周次 | B1: 任务类型 | C1: 选题库序号 | D1: 选题标题 | E1: 总分 | F1: 用时(分钟) | G1: 证据状态 | H1: 支持事实卡 | I1: 任务说明 | J1: 状态
A2: 第1周 | B2: 制作 | C2: 4 | D2: 袖带隔着衣服量行不行 | E2: =选题库!R5 -> 5 | F2: 45 | G2: 已核对 | H2: F06 | I2: 全库最高分（5分/F06）；统一口径“露出测量的上臂，袖带按说明接触皮肤”，不将挽袖或只脱外套写成通用办法 | J2: 未开始
A3: 第1周 | B3: 制作 | C3: 2 | D3: 刚运动完能不能量 | E3: =选题库!R3 -> 4 | F3: 45 | G3: 已核对 | H3: F04 | I3: 4分/F04；测前30分钟避免运动（同覆盖吸烟、咖啡因），做“测前避免清单” | J3: 未开始
A4: 第1周 | B4: 核验 | C4: 23 | D4: 漏记一天怎么办 | E4: =选题库!R24 -> 3 | F4: 15 | G4: 待核验 | H4: — | I4: 检索“漏记影响趋势判断”的依据；未通过核验前该选题置“暂缓”，不得发布 | J4: 未开始
A5: 第1周 | B5: 核验 | C5: 28 | D5: 一家人共用一台血压计行吗 | E5: =选题库!R29 -> 3 | F5: 15 | G5: 待核验 | H5: — | I5: 检索多人共用设备的建议；未通过核验前该选题置“暂缓” | J5: 未开始
A6: 第2周 | B6: 制作 | C6: 12 | D6: 手臂怎么放、要抬多高 | E6: =选题库!R13 -> 4 | F6: 45 | G6: 已核对 | H6: F07 | I6: 4分/F07；演示“手臂有支撑、袖带与心脏同高”，短视频易出彩 | J6: 未开始
A7: 第2周 | B7: 制作 | C7: 6 | D7: 家用血压计怎么买 | E7: =选题库!R7 -> 4 | F7: 45 | G7: 已核对 | H7: F03 | I7: 4分/F03；讲选经验证的上臂式、袖带尺寸应合适，不提品牌；认证标准名称与尺寸测量方法先补充核验 | J7: 未开始
A8: 第2周 | B8: 核验 | C8: 10 | D8: 一天量几次、什么时候量 | E8: =选题库!R11 -> 3 | F8: 15 | G8: 待核验 | H8: — | I8: 检索家庭血压日频次与时段建议（F09明确频次由医生确定，需指南原文） | J8: 未开始
A9: 第2周 | B9: 核验 | C9: 22 | D9: 早上和晚上数字不同正常吗 | E9: =选题库!R23 -> 3 | F9: 15 | G9: 待核验 | H9: — | I9: 检索血压昼夜波动规律与家庭记录合理范围 | J9: 未开始
A10: 第3周 | B10: 制作 | C10: 7 | D10: 袖带太小怎么办 | E10: =选题库!R8 -> 4 | F10: 45 | G10: 已核对 | H10: F03 | I10: 4分/F03；强调袖带尺寸应合适；尺寸测量方法与“过小致偏高”结论均待核验后再写入 | J10: 未开始
A11: 第3周 | B11: 制作 | C11: 8 | D11: 第一次数字高，要不要重测 | E11: =选题库!R9 -> 4 | F11: 45 | G11: 已核对 | H11: F09、F10 | I11: 4分/F09+F10；讲“每次取两次读数、间隔1分钟并记录”，不使用“取平均”表述 | J11: 未开始
A12: 第3周 | B12: 核验 | C12: 20 | D12: 血压记录要保留哪些数值 | E12: =选题库!R21 -> 3 | F12: 15 | G12: 待核验 | H12: F09、F10（部分） | I12: 确定家庭血压记录应含字段（F09仅写“记录结果”），补事实卡后做记录模板 | J12: 未开始
A13: 第3周 | B13: 核验 | C13: 31 | D13: 什么时候带记录去复诊、怎么给医生看 | E13: =选题库!R32 -> 3 | F13: 15 | G13: 待核验 | H13: F10（部分） | I13: 确定复诊时机建议（F10已支持带什么，时机需补充依据） | J13: 未开始
A14: 第4周 | B14: 制作 | C14: 1 | D14: 测前要安静坐多久 | E14: =选题库!R2 -> 4 | F14: 45 | G14: 已核对 | H14: F05 | I14: 4分/F05；测前“排尿→静坐5分钟→测量”顺序，可与憋尿、能聊天等合集引用 | J14: 未开始
A15: 第4周 | B15: 制作 | C15: 9 | D15: 两次测量间隔多久 | E15: =选题库!R10 -> 3 | F15: 45 | G15: 已核对 | H15: F09 | I15: 3分/F09；一句话讲清“两次读数、间隔1分钟、记录” | J15: 未开始
A16: 第4周 | B16: 核验 | C16: 17 | D16: 手腕式和上臂式一样吗 | E16: =选题库!R18 -> 2 | F16: 15 | G16: 待核验 | H16: F03（部分） | I16: 检索腕式与上臂式准确性对比（F03仅支持选上臂式） | J16: 未开始
A17: 第4周 | B17: 核验 | C17: 33 | D17: 忘了吃药怎么办、要不要补 | E17: =选题库!R34 -> 2 | F17: 15 | G17: 待核验 | H17: — | I17: 检索漏服处理依据并同步送医生/药师复核；未复核前不得制作 | J17: 未开始
A18: 备选 | B18: 制作 | C18: 19 | D18: 每次都测五遍好吗 | E18: =选题库!R20 -> 3 | F18: 45 | G18: 已核对 | H18: F09 | I18: 3分/F09；标准两次读数，过度测量影响不展开 | J18: 未开始
A19: 备选 | B19: 制作 | C19: 15 | D19: 憋尿会影响读数吗 | E19: =选题库!R16 -> 2 | F19: 45 | G19: 已核对 | H19: F05 | I19: 2分/F05；一句话内容，适合并入测前合集 | J19: 未开始
A20: 备选 | B20: 制作 | C20: 11 | D20: 测量能聊天吗 | E20: =选题库!R12 -> 2 | F20: 45 | G20: 已核对 | H20: F08 | I20: 2分/F08；测量中不说话不用手机，短内容 | J20: 未开始
A22: 说明：每周约2小时=2条制作（各45分钟）+2项核验（各15分钟）=120分钟，每周合计见下方“周用时核对”；“备选”行不计入，如启用需在当周120分钟额度内置换。制作题均选自“已核对”选题；核验任务未通过前，对应选题状态为“暂缓”、不得制作发布。第4周末将核验结果回填选题库评分并重排次月清单。
A24: 周用时核对 | B24: 合计(分钟) | C24: 校验(≤120)
A25: 第1周 | B25: =SUMIF($A$2:$A$20,"第1周",$F$2:$F$20) -> 120 | C25: =IF(B25<=120,"达标","超时") -> 达标
A26: 第2周 | B26: =SUMIF($A$2:$A$20,"第2周",$F$2:$F$20) -> 120 | C26: =IF(B26<=120,"达标","超时") -> 达标
A27: 第3周 | B27: =SUMIF($A$2:$A$20,"第3周",$F$2:$F$20) -> 120 | C27: =IF(B27<=120,"达标","超时") -> 达标
A28: 第4周 | B28: =SUMIF($A$2:$A$20,"第4周",$F$2:$F$20) -> 120 | C28: =IF(B28<=120,"达标","超时") -> 达标

Sheet 专业复核清单
A1: 选题库序号 | B1: 选题标题 | C1: 分类 | D1: 患者原话 | E1: 来源编号 | F1: 合计频次 | G1: 支持事实卡 | H1: 必须复核的原因 | I1: 建议复核人
A2: 26 | B2: 头晕但量出来正常，怎么办 | C2: 特殊情况 | D2: “头晕但数字正常怎么办” | E2: Q26 | F2: 9 | G2: F01、F10（部分） | H2: 涉症状与就医判断，表述不当可能延误就医；卡内仅安全框架 | I2: 心内科医生
A3: 29 | B3: 怀孕后还能用家里的血压计吗 | C3: 特殊情况 | D3: “怀孕后还能用同一个设备吗” | E3: Q33 | F3: 14 | G3: F03（适用与限定） | H3: 孕期属特殊人群，超出账号主受众定位；孕期具体管理须产科确认 | I3: 产科/内科医生
A4: 30 | B4: 小孩可以用成人的袖带吗 | C4: 特殊情况 | D4: “小孩可以用成人袖带吗” | E4: Q34 | F4: 3 | G4: 无 | H4: 儿童袖带规格属儿科范畴，卡内未覆盖 | I4: 儿科医生
A5: 32 | B5: 血压正常了，能不能停药 | C5: 就医沟通 | D5: “正常了能不能停药” | E5: Q12 | F5: 1 | G5: F02 | H5: F02虽直接支持“不自行停药”，涉用药安全仍须医生确认表述 | I5: 心内科医生
A6: 33 | B6: 忘了吃药怎么办、要不要补 | C6: 就医沟通 | D6: “忘了吃药怎么办” | E6: Q13 | F6: 13 | G6: 无 | H6: 补服规则因药物而异，卡内未覆盖 | I6: 心内科医生/临床药师
A8: 以上5个选题发布前必须经对应专业医生复核；复核通过后在“选题库”中将对应行“需专业复核”改为“否”。本表与选题库U列保持人工同步。事实卡（F01-F10）当前状态为“来源核对、医生未签署”。

Sheet 待核验清单
A1: 选题库序号 | B1: 选题标题 | C1: 分类 | D1: 来源编号 | E1: 合计频次 | F1: 待核验点 | G1: 核验前处理
A2: 5 | B2: 左右手应该选哪边 | C2: 家庭测量 | D2: Q05 | E2: 4 | F2: 双臂测量与固定手臂的建议（如首次双臂对比、以高侧为准）需检索指南原文 | G2: 暂缓，核验通过后再排期
A3: 10 | B3: 一天量几次、什么时候量 | C3: 家庭测量 | D3: Q10 | E3: 16 | F3: 家庭血压监测的日频次与时段建议（F09明确频次由医疗人员确定，需检索指南原文） | G3: 暂缓，核验通过后再排期
A4: 13 | B4: 腿可以翘着吗 | C4: 家庭测量 | D4: Q17 | E4: 8 | F4: 腿部摆放对读数的影响及标准坐姿要求 | G4: 暂缓，核验通过后再排期
A5: 14 | B5: 没有靠背行不行 | C5: 家庭测量 | D5: Q18 | E5: 2 | F5: 背部支撑要求及无靠背时的替代做法 | G5: 暂缓，核验通过后再排期
A6: 16 | B6: 一量就紧张、数字偏高怎么办 | C6: 家庭测量 | D6: Q20 | E6: 4 | F6: 情绪/紧张对家庭读数影响的量化证据与缓解方法 | G6: 暂缓，核验通过后再排期
A7: 17 | B7: 手腕式和上臂式一样吗 | C7: 家庭测量 | D7: Q21 | E7: 14 | F7: 腕式与上臂式准确性对比及腕式适用人群 | G7: 暂缓，核验通过后再排期
A8: 18 | B8: 血压计用多久要核对一次 | C8: 家庭测量 | D8: Q24 | E8: 11 | F8: 家用血压计校验/核对周期及发现设备不准的方法 | G8: 暂缓，核验通过后再排期
A9: 20 | B9: 血压记录要保留哪些数值 | C9: 记录随访 | D9: Q22 | E9: 14 | F9: 家庭血压记录应含字段（F09仅写“记录结果”） | G9: 暂缓，核验通过后再排期
A10: 21 | B10: 纸质记录还是手机记录 | C10: 记录随访 | D10: Q23 | E10: 13 | F10: 两种记录方式对比的依据；如无权威依据则不得作为结论发布 | G10: 暂缓，核验通过后再排期
A11: 22 | B11: 早上和晚上数字不同正常吗 | C11: 记录随访 | D11: Q25 | E11: 15 | F11: 血压昼夜节律、家庭记录合理波动范围（需检索指南原文） | G11: 暂缓，核验通过后再排期
A12: 23 | B12: 漏记一天怎么办 | C12: 记录随访 | D12: Q27 | E12: 19 | F12: 漏记对医生判断影响的解释口径 | G12: 暂缓，核验通过后再排期
A13: 24 | B13: 能只记最低的一次吗 | C13: 记录随访 | D13: Q31 | E13: 6 | F13: 如实/完整记录要求的直接依据 | G13: 暂缓，核验通过后再排期
... A22: 35 | B22: 医生说的目标值和网上不一样，听谁的 | C22: 就医沟通 | D22: Q36 | E22: 5 | F22: 降压目标个体化的指南依据 | G22: 暂缓，核验通过后再排期
A24: 本表对应选题库“证据状态=待核验”的行。核验通过后：①在选题库补F编号与支持范围、证据状态改“已核对”、证据充分按规则重评；②从本表移除。医学表述不得凭空补写；医学结论缺依据时保持待核验或放弃，不以内容标签替代依据。

Sheet 说明
A1: 项目说明
A3: 版本 | B3: v4（删去/标注内容角度中超出事实卡的扩展：行走/家务等待示例、袖带尺寸测量方法、摆放技巧；新增“扩展内容口径”条目；配套HTML选题看板）。
A4: 数据来源 | B4: ①资料/患者问题.csv：36条合成患者问题（不对应真实患者，频次为模拟频次，合计353）；②资料/账号定位资料.txt：社区心内科医生人设，受众60岁以上患者及照护者，每周2小时；③资料/家庭血压事实卡.csv：F01–F10，状态“来源核对、医生未签署”。
A5: 合并规则 | B5: 仅Q04与Q35合并（同为衣物与袖带接触问题）。“坐多久/能聊天”“跷腿/无靠背”“第一次高值重测/两次间隔”“运动/咖啡”等仅相关不算同义，均独立成题。35个选题覆盖全部36条来源各一次，频次合计353与原CSV一致（脚本内已断言校验）。
A6: 分类体系 | B6: 家庭测量19 / 记录随访5 / 特殊情况6 / 就医沟通5。
A7: 需求(0-2)阈值 | B7: 按合计频次：≥18→2分；8~17→1分；≤7→0分。
A8: 专业匹配(0-1) | B8: 1=契合“60+患者及照护者、家庭监测/随访沟通”定位；0=超出定位（孕产、儿童）。
A9: 证据充分(0-1)规则 | B9: 1=事实卡F01–F10有直接且足够支持，须在“支持事实卡/支持范围”列写明F编号与卡内原文范围；0=卡内未覆盖或仅部分相关（支持事实卡列注明“部分”），同时列入待核验清单。医学建议不得凭空补写。
A10: 重要性(0-1) | B10: 1=对健康决策或安全影响大；0=一般实用信息。
A11: 风险扣分(0-1) | B11: 1=涉个体化用药、孕产、儿童、症状判断，同时自动列入专业复核清单。
A12: 总分（公式） | B12: 总分 = MAX(0, MIN(5, 需求+专业匹配+证据充分+重要性-风险扣分))，写入选题库R列并保留底层数字（M~Q列），0~5分，红-黄-绿色阶。
A13: 证据状态 | B13: 已核对=内容可依据F01–F10撰写；待核验=须先检索依据（见“待核验清单”），核验前状态统一为“暂缓”、不得制作发布；医学结论缺依据时保持待核验，不以内容标签替代依据。
A14: 重要口径更正 | B14: “两次取平均”并非F09所写。F09原文为“每次测量取两次读数，间隔1分钟，并记录结果”，现有依据只支持两次读数、间隔1分钟并记录；如何取值待核验，相关选题内容不得出现“取平均”。
... A18: 合规提醒 | B18: 事实卡医生未签署；所有“已核对”内容发布前仍需按账号规范完成医生签署流程；专业复核清单共5项（以实际数据行为准，不含表尾说明行），必须医生复核后才能发布。
A20: 实时统计
A21: 选题总数 | B21: =COUNTA(选题库!C2:C36) -> 35
A22: 已核对选题数 | B22: =COUNTIF(选题库!L2:L36,"已核对") -> 14
A23: 待核验选题数 | B23: =COUNTIF(选题库!L2:L36,"待核验") -> 21
A24: 需专业复核数 | B24: =COUNTIF(选题库!U2:U36,"是") -> 5
A25: 选题库合计频次 | B25: =SUM(选题库!F2:F36) -> 353
A26: 平均总分 | B26: =AVERAGE(选题库!R2:R36) -> 2.4571429
